signal_id,company_name,website,signal_type,event_date,description,lead_investor
S0001,Havncell,https://havncell.example,traction_update,2026-04-02,Signed first enterprise customer,
S0002,Palloloop,https://palloloop.example,news,2026-04-02,Named in DACH Seed 50,
S0003,Quernly,https://quernly.example,traction_update,2026-04-03,Passed EUR 1m ARR,
S0004,Tuvaloop,https://tuvaloop.example,senior_hire,2026-04-03,Hired a Head of Sales from Brimstad Logistics,
S0005,Keloforge,https://keloforge.example,round_announced,2026-04-06,Announced Pre-Seed round led by Nordhavn Partners,Nordhavn Partners
S0006,Runestack,https://runestack.example,senior_hire,2026-04-07,Hired a Head of Sales from Brimstad Logistics,
S0007,Ulvware,https://ulvware.example,senior_hire,2026-04-07,Hired ex-Voltara CFO,
S0008,Ulvcell,https://ulvcell.example,news,2026-04-08,Won the Oresund Startup Award,
S0009,Ystadwise,https://ystadwise.example,round_announced,2026-04-08,Announced Seed round led by Nordhavn Partners,Nordhavn Partners
S0010,Lumoly,https://lumoly.example,news,2026-04-09,Featured in Nordic Tech Weekly,
S0011,Strandbit,https://strandbit.example,traction_update,2026-04-10,Doubled paying customers since spring,
S0012,Tindrascope,https://tindrascope.example,senior_hire,2026-04-10,Hired a Head of Sales from Brimstad Logistics,
S0013,Zinkcell,https://zinkcell.example,senior_hire,2026-04-10,Hired ex-Voltara CFO,
S0014,Lumoware,https://lumoware.example,news,2026-04-13,Named in DACH Seed 50,
S0015,Waldcell,https://waldcell.example,senior_hire,2026-04-13,Hired ex-Voltara CFO,
S0016,Solbyte,https://solbyte.example,round_announced,2026-04-14,Announced Seed round led by Tindra Ventures,Tindra Ventures
S0017,Kelonest,https://kelonest.example,senior_hire,2026-04-15,Hired ex-Voltara CFO,
S0018,Runely,https://runely.example,senior_hire,2026-04-15,Hired ex-Voltara CFO,
S0019,Fjordnest,https://fjordnest.example,senior_hire,2026-04-16,Hired ex-Voltara CFO,
S0020,Havnwise,https://havnwise.example,news,2026-04-16,Featured in Nordic Tech Weekly,
S0021,Zinkstack,https://zinkstack.example,news,2026-04-16,Featured in Nordic Tech Weekly,
S0022,Lumocell,https://lumocell.example,news,2026-04-17,Won the Oresund Startup Award,
S0023,Quernware,https://quernware.example,news,2026-04-17,Won the Oresund Startup Award,
S0024,Quernly,https://quernly.example,news,2026-04-20,Featured in Nordic Tech Weekly,
S0025,Voltgrid,https://voltgrid.example,senior_hire,2026-04-22,Hired ex-Voltara CFO,
S0026,Kraftloop,https://kraftloop.example,round_announced,2026-04-23,Announced Series A round led by Grauwolf Capital,Grauwolf Capital
S0027,Fjordwerk,https://fjordwerk.example,round_announced,2026-04-27,Announced Pre-Seed round led by Grauwolf Capital,Grauwolf Capital
S0028,Havnloop,https://havnloop.example,traction_update,2026-04-27,Doubled paying customers since spring,
S0029,Lumoyard,https://lumoyard.example,traction_update,2026-04-27,Passed EUR 1m ARR,
S0030,Fjordlane,https://fjordlane.example,news,2026-04-28,Featured in Nordic Tech Weekly,
S0031,Fjordlane,https://fjordlane.example,senior_hire,2026-04-28,Hired ex-Kranwerk VP Engineering,
S0032,Lumowise,https://lumowise.example,traction_update,2026-04-28,Signed first enterprise customer,
S0033,Voltgrid,https://voltgrid.example,news,2026-04-29,Featured in Nordic Tech Weekly,
S0034,Kraftwerk,https://kraftwerk.example,senior_hire,2026-04-30,Hired ex-Kranwerk VP Engineering,
S0035,Lyngnest,https://lyngnest.example,senior_hire,2026-04-30,Hired a Head of Sales from Brimstad Logistics,
S0036,Kelohub,https://kelohub.example,news,2026-05-01,Named in DACH Seed 50,
S0037,Keloware,https://keloware.example,news,2026-05-01,Featured in Nordic Tech Weekly,
S0038,Lyngnest,https://lyngnest.example,traction_update,2026-05-01,Doubled paying customers since spring,
S0039,Norrmint,https://norrmint.example,senior_hire,2026-05-01,Hired ex-Voltara CFO,
S0040,Fjordnest,https://fjordnest.example,news,2026-05-04,Featured in Nordic Tech Weekly,
S0041,Havnnest,https://havnnest.example,senior_hire,2026-05-04,Hired ex-Voltara CFO,
S0042,Pallobit,https://pallobit.example,round_announced,2026-05-04,Announced Series B round led by Nordhavn Partners,Nordhavn Partners
S0043,Sollane,https://sollane.example,traction_update,2026-05-04,Signed first enterprise customer,
S0044,Fjordgrid,https://fjordgrid.example,round_announced,2026-05-05,Announced Seed round led by Tindra Ventures,Tindra Ventures
S0045,Kelohub,https://kelohub.example,round_announced,2026-05-05,Announced Seed round led by Nordhavn Partners,Nordhavn Partners
S0046,Pallohub,https://pallohub.example,senior_hire,2026-05-05,Hired ex-Kranwerk VP Engineering,
S0047,Quernware,https://quernware.example,news,2026-05-05,Named in DACH Seed 50,
S0048,Strandsense,https://strandsense.example,senior_hire,2026-05-05,Hired ex-Kranwerk VP Engineering,
S0049,Tindrascope,https://tindrascope.example,round_announced,2026-05-05,Announced Seed round led by Tindra Ventures,Tindra Ventures
S0050,Arktwise,https://arktwise.example,round_announced,2026-05-06,Announced Seed round led by Tindra Ventures,Tindra Ventures
S0051,Lyngware,https://lyngware.example,traction_update,2026-05-06,Passed EUR 1m ARR,
S0052,Runely,https://runely.example,traction_update,2026-05-06,Doubled paying customers since spring,
S0053,Havnbyte,https://havnbyte.example,news,2026-05-08,Won the Oresund Startup Award,
S0054,Kraftloop,https://kraftloop.example,news,2026-05-08,Featured in Nordic Tech Weekly,
S0055,Norrwerk,https://norrwerk.example,traction_update,2026-05-08,Doubled paying customers since spring,
S0056,Keloforge,https://keloforge.example,round_announced,2026-05-11,Announced Pre-Seed round led by Tindra Ventures,Tindra Ventures
S0057,Havnpath,https://havnpath.example,senior_hire,2026-05-12,Hired ex-Voltara CFO,
S0058,Gruncell,https://gruncell.example,traction_update,2026-05-13,Passed EUR 1m ARR,
S0059,Havnpath,https://havnpath.example,news,2026-05-13,Featured in Nordic Tech Weekly,
S0060,Tindraflow,https://tindraflow.example,news,2026-05-13,Named in DACH Seed 50,
S0061,Tuvaloop,https://tuvaloop.example,round_announced,2026-05-13,Announced Pre-Seed round led by Grauwolf Capital,Grauwolf Capital
S0062,Lumoware,https://lumoware.example,senior_hire,2026-05-14,Hired a Head of Sales from Brimstad Logistics,
S0063,Lyngware,https://lyngware.example,traction_update,2026-05-14,Doubled paying customers since spring,
S0064,Tindrabit,https://tindrabit.example,traction_update,2026-05-14,Passed EUR 1m ARR,
S0065,Tindrabit,https://tindrabit.example,traction_update,2026-05-14,Doubled paying customers since spring,
S0066,Norrmint,https://norrmint.example,news,2026-05-18,Featured in Nordic Tech Weekly,
S0067,Tuvamint,https://tuvamint.example,traction_update,2026-05-18,Signed first enterprise customer,
S0068,Fjordnest,https://fjordnest.example,news,2026-05-19,Featured in Nordic Tech Weekly,
S0069,Gruncell,https://gruncell.example,news,2026-05-19,Named in DACH Seed 50,
S0070,Palloloop,https://palloloop.example,news,2026-05-19,Named in DACH Seed 50,
S0071,Arktwerk,https://arktwerk.example,round_announced,2026-05-20,Announced Pre-Seed round led by Grauwolf Capital,Grauwolf Capital
S0072,Keloforge,https://keloforge.example,senior_hire,2026-05-20,Hired ex-Kranwerk VP Engineering,
S0073,Kraftforge,https://kraftforge.example,traction_update,2026-05-21,Doubled paying customers since spring,
S0074,Lumoly,https://lumoly.example,news,2026-05-22,Won the Oresund Startup Award,
S0075,Birkgrid,https://birkgrid.example,senior_hire,2026-05-25,Hired ex-Kranwerk VP Engineering,
S0076,Kraftgrid,https://kraftgrid.example,senior_hire,2026-05-26,Hired a Head of Sales from Brimstad Logistics,
S0077,Grunware,https://grunware.example,senior_hire,2026-05-27,Hired ex-Voltara CFO,
S0078,Jordyard,https://jordyard.example,traction_update,2026-05-27,Doubled paying customers since spring,
S0079,Voltgrid,https://voltgrid.example,news,2026-05-27,Won the Oresund Startup Award,
S0080,Fjordly,https://fjordly.example,round_announced,2026-05-28,Announced Seed round led by Nordhavn Partners,Nordhavn Partners
S0081,Havnnest,https://havnnest.example,news,2026-05-28,Featured in Nordic Tech Weekly,
S0082,Jordsense,https://jordsense.example,traction_update,2026-05-28,Doubled paying customers since spring,
S0083,Strandforge,https://strandforge.example,senior_hire,2026-05-28,Hired a Head of Sales from Brimstad Logistics,
S0084,Strandware,https://strandware.example,round_announced,2026-05-28,Announced Pre-Seed round led by Grauwolf Capital,Grauwolf Capital
S0085,Grunware,https://grunware.example,traction_update,2026-05-29,Signed first enterprise customer,
S0086,Kelonest,https://kelonest.example,news,2026-05-29,Featured in Nordic Tech Weekly,
S0087,Arktcell,https://arktcell.example,senior_hire,2026-06-01,Hired a Head of Sales from Brimstad Logistics,
S0088,Fjordlane,https://fjordlane.example,traction_update,2026-06-01,Passed EUR 1m ARR,
S0089,Kvistnest,https://kvistnest.example,news,2026-06-02,Named in DACH Seed 50,
S0090,Tindrascope,https://tindrascope.example,round_announced,2026-06-02,Announced Seed round led by Nordhavn Partners,Nordhavn Partners
S0091,Tindrastack,https://tindrastack.example,round_announced,2026-06-02,Announced Series B round led by Tindra Ventures,Tindra Ventures
S0092,Tindrastack,https://tindrastack.example,traction_update,2026-06-05,Signed first enterprise customer,
S0093,Vestawerk,https://vestawerk.example,news,2026-06-09,Won the Oresund Startup Award,
S0094,Tindramint,https://tindramint.example,senior_hire,2026-06-11,Hired ex-Kranwerk VP Engineering,
S0095,Vindforge,https://vindforge.example,traction_update,2026-06-11,Signed first enterprise customer,
S0096,Arktwise,https://arktwise.example,traction_update,2026-06-12,Signed first enterprise customer,
S0097,Runely,https://runely.example,traction_update,2026-06-12,Doubled paying customers since spring,
S0098,Tuvahub,https://tuvahub.example,round_announced,2026-06-15,Announced Series A round led by Nordhavn Partners,Nordhavn Partners
S0099,Vestasense,https://vestasense.example,news,2026-06-15,Featured in Nordic Tech Weekly,
S0100,Lynglane,https://lynglane.example,senior_hire,2026-06-16,Hired ex-Kranwerk VP Engineering,
S0101,Arktwerk,https://arktwerk.example,news,2026-06-17,Featured in Nordic Tech Weekly,
S0102,Jordwerk,https://jordwerk.example,round_announced,2026-06-17,Announced Pre-Seed round led by Nordhavn Partners,Nordhavn Partners
S0103,Kvistwerk,https://kvistwerk.example,traction_update,2026-06-17,Doubled paying customers since spring,
S0104,Solbyte,https://solbyte.example,traction_update,2026-06-17,Signed first enterprise customer,
S0105,Tindraflow,https://tindraflow.example,news,2026-06-17,Won the Oresund Startup Award,
S0106,Havnloop,https://havnloop.example,traction_update,2026-06-18,Passed EUR 1m ARR,
S0107,Strandyard,https://strandyard.example,round_announced,2026-06-18,Announced Pre-Seed round led by Grauwolf Capital,Grauwolf Capital
S0108,Havnnest,https://havnnest.example,news,2026-06-22,Named in DACH Seed 50,
S0109,Norrgrid,https://norrgrid.example,news,2026-06-22,Won the Oresund Startup Award,
S0110,Lumosense,https://lumosense.example,news,2026-06-23,Featured in Nordic Tech Weekly,
S0111,Kelonest,https://kelonest.example,news,2026-06-24,Named in DACH Seed 50,
S0112,Isoyard,https://isoyard.example,round_announced,2026-06-25,Announced Seed round led by Tindra Ventures,Tindra Ventures
S0113,Runestack,https://runestack.example,traction_update,2026-06-25,Passed EUR 1m ARR,
S0114,Waldwise,https://waldwise.example,traction_update,2026-06-25,Passed EUR 1m ARR,
S0115,Birkflow,https://birkflow.example,senior_hire,2026-06-26,Hired ex-Voltara CFO,
S0116,Vestabyte,https://vestabyte.example,round_announced,2026-06-26,Announced Series B round led by Grauwolf Capital,Grauwolf Capital
S0117,Zinkwerk,https://zinkwerk.example,news,2026-06-26,Named in DACH Seed 50,
S0118,Kvistwerk,https://kvistwerk.example,news,2026-06-29,Featured in Nordic Tech Weekly,
S0119,Quernsense,https://quernsense.example,traction_update,2026-06-29,Doubled paying customers since spring,
S0120,Kvistly,https://kvistly.example,senior_hire,2026-06-30,Hired ex-Kranwerk VP Engineering,
S0121,Vestabyte,https://vestabyte.example,senior_hire,2026-06-30,Hired a Head of Sales from Brimstad Logistics,
S0122,Waldforge,https://waldforge.example,news,2026-06-30,Won the Oresund Startup Award,
S0123,Jordyard,https://jordyard.example,round_announced,2026-07-02,Announced Seed round led by Grauwolf Capital,Grauwolf Capital
S0124,Pallohub,https://pallohub.example,traction_update,2026-07-02,Passed EUR 1m ARR,
S0125,Isoyard,https://isoyard.example,traction_update,2026-07-03,Doubled paying customers since spring,
S0126,Norrgrid,https://norrgrid.example,senior_hire,2026-07-06,Hired a Head of Sales from Brimstad Logistics,
S0127,Solcell,https://solcell.example,round_announced,2026-07-06,Announced Seed round led by Tindra Ventures,Tindra Ventures
S0128,Zinkgrid,https://zinkgrid.example,senior_hire,2026-07-06,Hired a Head of Sales from Brimstad Logistics,
S0129,Kraftscope,https://kraftscope.example,senior_hire,2026-07-08,Hired ex-Kranwerk VP Engineering,
S0130,Ulvsense,https://ulvsense.example,traction_update,2026-07-08,Doubled paying customers since spring,
S0131,Zinkwerk,https://zinkwerk.example,traction_update,2026-07-08,Passed EUR 1m ARR,
S0132,Strandbit,https://strandbit.example,senior_hire,2026-07-09,Hired a Head of Sales from Brimstad Logistics,
S0133,Birkgrid,https://birkgrid.example,traction_update,2026-07-10,Passed EUR 1m ARR,
S0134,Tuvamint,https://tuvamint.example,traction_update,2026-07-10,Passed EUR 1m ARR,
S0135,Ystadforge,https://ystadforge.example,round_announced,2026-07-10,Announced Pre-Seed round led by Tindra Ventures,Tindra Ventures
S0136,Pallobyte,https://pallobyte.example,news,2026-07-13,Named in DACH Seed 50,
S0137,Vindforge,https://vindforge.example,traction_update,2026-07-14,Signed first enterprise customer,
S0138,Fjordwerk,https://fjordwerk.example,senior_hire,2026-07-15,Hired ex-Kranwerk VP Engineering,
S0139,Strandsense,https://strandsense.example,traction_update,2026-07-15,Passed EUR 1m ARR,
S0140,Birkflow,https://birkflow.example,traction_update,2026-07-16,Signed first enterprise customer,
S0141,Ystadyard,https://ystadyard.example,senior_hire,2026-07-17,Hired a Head of Sales from Brimstad Logistics,
S0142,Isomint,https://isomint.example,traction_update,2026-07-20,Passed EUR 1m ARR,
S0143,Quernnest,https://quernnest.example,news,2026-07-20,Named in DACH Seed 50,
S0144,Tuvasense,https://tuvasense.example,senior_hire,2026-07-20,Hired ex-Kranwerk VP Engineering,
S0145,Lynghub,https://lynghub.example,news,2026-07-21,Named in DACH Seed 50,
S0146,Havncell,https://havncell.example,round_announced,2026-07-22,Announced Pre-Seed round led by Grauwolf Capital,Grauwolf Capital
S0147,Ystadyard,https://ystadyard.example,round_announced,2026-07-22,Announced Pre-Seed round led by Nordhavn Partners,Nordhavn Partners
S0148,Kraftgrid,https://kraftgrid.example,traction_update,2026-07-23,Signed first enterprise customer,
S0149,Havnpath,https://havnpath.example,traction_update,2026-07-24,Signed first enterprise customer,
S0150,Strandware,https://strandware.example,news,2026-07-27,Featured in Nordic Tech Weekly,
S0151,Tindragrid,https://tindragrid.example,senior_hire,2026-07-28,Hired ex-Voltara CFO,
S0152,Tuvahub,https://tuvahub.example,news,2026-07-28,Featured in Nordic Tech Weekly,
S0153,Lumonest,https://lumonest.example,news,2026-07-29,Named in DACH Seed 50,
S0154,Ulvware,https://ulvware.example,news,2026-07-31,Featured in Nordic Tech Weekly,
S0155,Waldwerk,https://waldwerk.example,traction_update,2026-07-31,Signed first enterprise customer,
S0156,Kvistcell,https://kvistcell.example,senior_hire,2026-08-03,Hired a Head of Sales from Brimstad Logistics,
S0157,Robotix AI,https://robotix.example,traction_update,2026-08-04,Signed a pilot with three Nordic 3PL warehouses,
S0158,Ystadwise,https://ystadwise.example,news,2026-08-04,Featured in Nordic Tech Weekly,
S0159,Isonest,https://isonest.example,senior_hire,2026-08-05,Hired ex-Kranwerk VP Engineering,
S0160,Solly,https://solly.example,traction_update,2026-08-05,Doubled paying customers since spring,
S0161,Kelolane,https://kelolane.example,news,2026-08-06,Named in DACH Seed 50,
S0162,Kraftbit,https://kraftbit.example,news,2026-08-07,Named in DACH Seed 50,
S0163,Kelohub,https://kelohub.example,traction_update,2026-08-10,Doubled paying customers since spring,
S0164,Pallobit,https://pallobit.example,traction_update,2026-08-10,Doubled paying customers since spring,
S0165,Quernware,https://quernware.example,news,2026-08-10,Featured in Nordic Tech Weekly,
S0166,Kvistnest,https://kvistnest.example,news,2026-08-11,Named in DACH Seed 50,
S0167,Pallomint,https://pallomint.example,news,2026-08-11,Won the Oresund Startup Award,
S0168,Tindrabit,https://tindrabit.example,senior_hire,2026-08-12,Hired ex-Kranwerk VP Engineering,
S0169,Jordly,https://jordly.example,news,2026-08-13,Named in DACH Seed 50,
S0170,Isoyard,https://isoyard.example,senior_hire,2026-08-14,Hired ex-Voltara CFO,
S0171,Jordly,https://jordly.example,news,2026-08-14,Named in DACH Seed 50,
S0172,Sollane,https://sollane.example,round_announced,2026-08-14,Announced Pre-Seed round led by Tindra Ventures,Tindra Ventures
S0173,Runestack,https://runestack.example,traction_update,2026-08-18,Doubled paying customers since spring,
S0174,Zinkgrid,https://zinkgrid.example,news,2026-08-18,Named in DACH Seed 50,
S0175,Lynghub,https://lynghub.example,traction_update,2026-08-19,Doubled paying customers since spring,
S0176,Sollane,https://sollane.example,news,2026-08-19,Won the Oresund Startup Award,
S0177,Ulvbit,https://ulvbit.example,senior_hire,2026-08-20,Hired a Head of Sales from Brimstad Logistics,
S0178,Vestaforge,https://vestaforge.example,traction_update,2026-08-20,Signed first enterprise customer,
S0179,Lumoly,https://lumoly.example,senior_hire,2026-08-21,Hired ex-Kranwerk VP Engineering,
S0180,Vestawerk,https://vestawerk.example,traction_update,2026-08-21,Signed first enterprise customer,
S0181,Havnloop,https://havnloop.example,news,2026-08-24,Won the Oresund Startup Award,
S0182,Kvistnest,https://kvistnest.example,traction_update,2026-08-24,Passed EUR 1m ARR,
S0183,Palloloop,https://palloloop.example,news,2026-08-25,Featured in Nordic Tech Weekly,
S0184,Strandware,https://strandware.example,traction_update,2026-08-25,Passed EUR 1m ARR,
S0185,Waldwerk,https://waldwerk.example,senior_hire,2026-08-25,Hired ex-Kranwerk VP Engineering,
S0186,Tindrastack,https://tindrastack.example,senior_hire,2026-08-27,Hired a Head of Sales from Brimstad Logistics,
S0187,Brimgrid,https://brimgrid.example,traction_update,2026-08-28,Signed first enterprise customer,
S0188,Jordwerk,https://jordwerk.example,news,2026-08-28,Featured in Nordic Tech Weekly,
S0189,Voltmint,https://voltmint.example,news,2026-08-31,Won the Oresund Startup Award,
S0190,Lynglane,https://lynglane.example,news,2026-09-01,Named in DACH Seed 50,
S0191,Vestaforge,https://vestaforge.example,traction_update,2026-09-01,Doubled paying customers since spring,
S0192,Waldpath,https://waldpath.example,senior_hire,2026-09-01,Hired ex-Voltara CFO,
S0193,Kelowerk,https://kelowerk.example,senior_hire,2026-09-02,Hired a Head of Sales from Brimstad Logistics,
S0194,Lyngware,https://lyngware.example,traction_update,2026-09-02,Passed EUR 1m ARR,
S0195,Havnbyte,https://havnbyte.example,senior_hire,2026-09-04,Hired ex-Kranwerk VP Engineering,
S0196,Kvistwerk,https://kvistwerk.example,traction_update,2026-09-04,Passed EUR 1m ARR,
S0197,Jordwerk,https://jordwerk.example,senior_hire,2026-09-07,Hired ex-Voltara CFO,
S0198,Kelowerk,https://kelowerk.example,traction_update,2026-09-07,Doubled paying customers since spring,
S0199,Arktyard,https://arktyard.example,news,2026-09-09,Won the Oresund Startup Award,
S0200,Birkwerk,https://birkwerk.example,senior_hire,2026-09-09,Hired a Head of Sales from Brimstad Logistics,
S0201,Quernlane,https://quernlane.example,round_announced,2026-09-09,Announced Series A round led by Tindra Ventures,Tindra Ventures
S0202,Tindrayard,https://tindrayard.example,round_announced,2026-09-09,Announced Seed round led by Nordhavn Partners,Nordhavn Partners
S0203,Kraftscope,https://kraftscope.example,round_announced,2026-09-10,Announced Pre-Seed round led by Grauwolf Capital,Grauwolf Capital
S0204,Lumowise,https://lumowise.example,traction_update,2026-09-10,Signed first enterprise customer,
S0205,Havnbyte,https://havnbyte.example,traction_update,2026-09-11,Passed EUR 1m ARR,
S0206,Kraftscope,https://kraftscope.example,traction_update,2026-09-11,Passed EUR 1m ARR,
S0207,Nimbusense,https://nimbusense.example,news,2026-09-11,Won the Oresund Startup Award,
S0208,Ulvbit,https://ulvbit.example,news,2026-09-11,Named in DACH Seed 50,
S0209,Ystadforge,https://ystadforge.example,traction_update,2026-09-11,Passed EUR 1m ARR,
S0210,Waldpath,https://waldpath.example,traction_update,2026-09-14,Doubled paying customers since spring,
S0211,Grunware,https://grunware.example,traction_update,2026-09-15,Doubled paying customers since spring,
S0212,Jordly,https://jordly.example,traction_update,2026-09-15,Passed EUR 1m ARR,
S0213,Strandcell,https://strandcell.example,traction_update,2026-09-15,Signed first enterprise customer,
S0214,Tuvayard,https://tuvayard.example,traction_update,2026-09-15,Passed EUR 1m ARR,
S0215,Voltbit,https://voltbit.example,traction_update,2026-09-15,Signed first enterprise customer,
S0216,Kelolane,https://kelolane.example,traction_update,2026-09-16,Passed EUR 1m ARR,
S0217,Kelowerk,https://kelowerk.example,senior_hire,2026-09-16,Hired ex-Voltara CFO,
S0218,Kraftwerk,https://kraftwerk.example,news,2026-09-16,Won the Oresund Startup Award,
S0219,Lynghub,https://lynghub.example,traction_update,2026-09-16,Passed EUR 1m ARR,
S0220,Norrwerk,https://norrwerk.example,news,2026-09-16,Won the Oresund Startup Award,
S0221,Vestawise,https://vestawise.example,traction_update,2026-09-16,Signed first enterprise customer,
S0222,Tuvaloop,https://tuvaloop.example,senior_hire,2026-09-17,Hired ex-Voltara CFO,
S0223,Kraftforge,https://kraftforge.example,senior_hire,2026-09-18,Hired ex-Voltara CFO,
S0224,Kvistflow,https://kvistflow.example,traction_update,2026-09-18,Signed first enterprise customer,
S0225,Ystadyard,https://ystadyard.example,round_announced,2026-09-18,Announced Pre-Seed round led by Tindra Ventures,Tindra Ventures
S0226,Lyngly,https://lyngly.example,senior_hire,2026-09-21,Hired ex-Kranwerk VP Engineering,
S0227,Solcell,https://solcell.example,round_announced,2026-09-21,Announced Seed round led by Grauwolf Capital,Grauwolf Capital
S0228,Orkagrid,https://orkagrid.example,senior_hire,2026-09-22,Hired ex-Voltara CFO,
S0229,Waldware,https://waldware.example,traction_update,2026-09-22,Passed EUR 1m ARR,
S0230,Moskware,https://moskware.example,news,2026-09-23,Named in DACH Seed 50,
S0231,Tuvamint,https://tuvamint.example,senior_hire,2026-09-23,Hired a Head of Sales from Brimstad Logistics,
S0232,Waldware,https://waldware.example,round_announced,2026-09-23,Announced Pre-Seed round led by Tindra Ventures,Tindra Ventures
S0233,Zinkwise,https://zinkwise.example,news,2026-09-23,Named in DACH Seed 50,
S0234,Voltmint,https://voltmint.example,senior_hire,2026-09-24,Hired ex-Voltara CFO,
S0235,Waldware,https://waldware.example,traction_update,2026-09-24,Signed first enterprise customer,
S0236,Zinkwise,https://zinkwise.example,news,2026-09-24,Named in DACH Seed 50,
S0237,Kraftgrid,https://kraftgrid.example,senior_hire,2026-09-25,Hired a Head of Sales from Brimstad Logistics,
S0238,Kraftwerk,https://kraftwerk.example,senior_hire,2026-09-25,Hired ex-Kranwerk VP Engineering,
S0239,Orkaforge,https://orkaforge.example,traction_update,2026-09-25,Passed EUR 1m ARR,
S0240,Quernlane,https://quernlane.example,news,2026-09-25,Won the Oresund Startup Award,
S0241,Quernsense,https://quernsense.example,news,2026-09-25,Named in DACH Seed 50,
S0242,Voltmint,https://voltmint.example,news,2026-09-25,Won the Oresund Startup Award,
S0243,Arktwerk,https://arktwerk.example,senior_hire,2026-09-28,Hired a Head of Sales from Brimstad Logistics,
S0244,Isoly,https://isoly.example,news,2026-09-28,Named in DACH Seed 50,
S0245,Robotix AI,https://robotix.example,senior_hire,2026-09-28,Hired ex-Kranwerk Robotics CTO,
S0246,Tuvaflow,https://tuvaflow.example,senior_hire,2026-09-28,Hired ex-Kranwerk VP Engineering,
S0247,Havnforge,https://havnforge.example,senior_hire,2026-09-29,Hired a Head of Sales from Brimstad Logistics,
S0248,Pallobyte,https://pallobyte.example,traction_update,2026-09-29,Doubled paying customers since spring,
S0249,Strandyard,https://strandyard.example,traction_update,2026-09-29,Signed first enterprise customer,
S0250,Tuvaflow,https://tuvaflow.example,senior_hire,2026-09-29,Hired ex-Kranwerk VP Engineering,
S0251,Havncell,https://havncell.example,traction_update,2026-09-30,Doubled paying customers since spring,
S0252,Lumowise,https://lumowise.example,senior_hire,2026-09-30,Hired a Head of Sales from Brimstad Logistics,
S0253,Lumoyard,https://lumoyard.example,senior_hire,2026-09-30,Hired a Head of Sales from Brimstad Logistics,
S0254,Pallobit,https://pallobit.example,senior_hire,2026-09-30,Hired ex-Voltara CFO,
S0255,Pallobyte,https://pallobyte.example,news,2026-09-30,Won the Oresund Startup Award,
S0256,Quernsense,https://quernsense.example,senior_hire,2026-09-30,Hired ex-Kranwerk VP Engineering,
S0257,Solbit,https://solbit.example,traction_update,2026-09-30,Doubled paying customers since spring,
S0258,Strandstack,https://strandstack.example,traction_update,2026-09-30,Signed first enterprise customer,
S0259,Strandyard,https://strandyard.example,senior_hire,2026-09-30,Hired ex-Kranwerk VP Engineering,
S0260,Waldforge,https://waldforge.example,traction_update,2026-09-30,Passed EUR 1m ARR,
S0261,Waldpath,https://waldpath.example,round_announced,2026-09-30,Announced Pre-Seed round led by Nordhavn Partners,Nordhavn Partners
